{"version": "1", "message": "ERROR: Hidden Testcases server unreachable.", "problem_id": "ads1_m6_a1", "user_id": "shubhamsahu02", "score": {"sample": {"0": {"execution_time": 0.5371153354644775, "passed": true}, "1": {"execution_time": 0.543341875076294, "passed": true}, "2": {"execution_time": 0.5179574489593506, "passed": true}, "3": {"execution_time": 0.759462833404541, "passed": true}, "4": {"execution_time": 0.5262465476989746, "passed": true}, "5": {"execution_time": 0.5534310340881348, "passed": true}, "6": {"execution_time": 0.38785648345947266, "passed": false}, "7": {"execution_time": 0.4462282657623291, "passed": false}, "8": {"execution_time": 0.42353320121765137, "passed": false}, "9": {"execution_time": 0.36890077590942383, "passed": false}, "10": {"execution_time": 0.496492862701416, "passed": false}, "11": {"execution_time": 0.40153026580810547, "passed": false}}}, "check_style_score": "0/1"}