{"version": "1", "message": "ERROR: Hidden Testcases server unreachable.", "problem_id": "ads1_m6_a1", "user_id": "shubhamsahu02", "score": {"sample": {"0": {"execution_time": 0.6148755550384521, "passed": false}, "1": {"execution_time": 0.5430028438568115, "passed": false}, "2": {"execution_time": 0.4820866584777832, "passed": false}, "3": {"execution_time": 0.47177553176879883, "passed": false}, "4": {"execution_time": 0.5420279502868652, "passed": false}, "5": {"execution_time": 0.45696353912353516, "passed": false}, "6": {"execution_time": 0.43893957138061523, "passed": false}, "7": {"execution_time": 0.4122169017791748, "passed": false}, "8": {"execution_time": 0.4180746078491211, "passed": false}, "9": {"execution_time": 0.6155357360839844, "passed": false}, "10": {"execution_time": 0.5374951362609863, "passed": false}, "11": {"execution_time": 0.6060714721679688, "passed": false}}}, "check_style_score": "0/1"}