{"version": "1", "message": "ERROR: Hidden Testcases server unreachable.", "problem_id": "ads1_m6_a1", "user_id": "shubhamsahu02", "score": {"sample": {"0": {"execution_time": 0.34803080558776855, "passed": false}, "1": {"execution_time": 0.22260355949401855, "passed": false}, "2": {"execution_time": 0.21635818481445312, "passed": false}, "3": {"execution_time": 0.21590876579284668, "passed": false}, "4": {"execution_time": 0.231492280960083, "passed": false}, "5": {"execution_time": 0.2001814842224121, "passed": false}, "6": {"execution_time": 0.20079398155212402, "passed": false}, "7": {"execution_time": 0.21617603302001953, "passed": false}, "8": {"execution_time": 0.23182010650634766, "passed": false}, "9": {"execution_time": 0.24735736846923828, "passed": false}, "10": {"execution_time": 0.20030450820922852, "passed": false}, "11": {"execution_time": 0.21584534645080566, "passed": false}}}, "check_style_score": "0/1"}