{"version": "1", "message": "ERROR: Hidden Testcases server unreachable.", "problem_id": "ads1_m6_a1", "user_id": "shubhamsahu02", "score": {"sample": {"0": {"execution_time": 0.4478459358215332, "passed": false}, "1": {"execution_time": 0.4388246536254883, "passed": false}, "2": {"execution_time": 0.3441743850708008, "passed": false}, "3": {"execution_time": 0.4600708484649658, "passed": false}, "4": {"execution_time": 0.41542744636535645, "passed": false}, "5": {"execution_time": 0.47187328338623047, "passed": false}, "6": {"execution_time": 0.462108850479126, "passed": false}, "7": {"execution_time": 0.3804819583892822, "passed": false}, "8": {"execution_time": 0.5456829071044922, "passed": false}, "9": {"execution_time": 0.4976615905761719, "passed": false}, "10": {"execution_time": 0.40312695503234863, "passed": false}, "11": {"execution_time": 0.38671350479125977, "passed": false}}}, "check_style_score": "0/1"}