{"version": "1", "message": "ERROR: Hidden Testcases server unreachable.", "problem_id": "ads1_m2_a1", "user_id": "shubhamsahu02", "score": {"sample": {"0": {"execution_time": 0.47496771812438965, "passed": true}, "1": {"execution_time": 0.621596097946167, "passed": true}, "2": {"execution_time": 0.475034236907959, "passed": true}, "3": {"execution_time": 0.4810786247253418, "passed": true}, "4": {"execution_time": 0.3895399570465088, "passed": true}, "5": {"execution_time": 0.45014405250549316, "passed": true}, "6": {"execution_time": 0.4727346897125244, "passed": true}, "7": {"execution_time": 0.4687831401824951, "passed": true}, "8": {"execution_time": 0.47772645950317383, "passed": true}, "9": {"execution_time": 0.38727903366088867, "passed": true}, "10": {"execution_time": 0.29880499839782715, "passed": true}, "11": {"execution_time": 0.4507942199707031, "passed": true}, "12": {"execution_time": 0.6563742160797119, "passed": true}, "13": {"execution_time": 0.4197511672973633, "passed": true}, "14": {"execution_time": 0.421004056930542, "passed": true}, "15": {"execution_time": 0.5944106578826904, "passed": true}, "16": {"execution_time": 0.7346882820129395, "passed": true}, "17": {"execution_time": 0.4767277240753174, "passed": true}, "18": {"execution_time": 0.44626665115356445, "passed": true}, "19": {"execution_time": 0.41310906410217285, "passed": true}, "20": {"execution_time": 0.4059181213378906, "passed": true}, "21": {"execution_time": 0.33292603492736816, "passed": true}, "22": {"execution_time": 0.5867867469787598, "passed": true}, "23": {"execution_time": 0.5421533584594727, "passed": true}}}, "check_style_score": "0/1"}