{"version": "1", "message": "ERROR: Hidden Testcases server unreachable.", "problem_id": "ads1_m2_a1", "user_id": "shubhamsahu02", "score": {"sample": {"0": {"execution_time": 0.7342197895050049, "passed": true}, "1": {"execution_time": 0.6482288837432861, "passed": true}, "2": {"execution_time": 0.4074828624725342, "passed": true}, "3": {"execution_time": 0.4028329849243164, "passed": true}, "4": {"execution_time": 0.48975205421447754, "passed": true}, "5": {"execution_time": 0.44532108306884766, "passed": true}, "6": {"execution_time": 0.5318920612335205, "passed": true}, "7": {"execution_time": 0.41649913787841797, "passed": true}, "8": {"execution_time": 0.44396305084228516, "passed": true}, "9": {"execution_time": 0.41079282760620117, "passed": true}, "10": {"execution_time": 0.41062164306640625, "passed": true}, "11": {"execution_time": 0.3954908847808838, "passed": true}, "12": {"execution_time": 0.25379443168640137, "passed": true}, "13": {"execution_time": 0.4097602367401123, "passed": true}, "14": {"execution_time": 0.3463430404663086, "passed": true}, "15": {"execution_time": 0.4864969253540039, "passed": true}, "16": {"execution_time": 0.4556121826171875, "passed": true}, "17": {"execution_time": 0.6422793865203857, "passed": true}, "18": {"execution_time": 0.49202632904052734, "passed": true}, "19": {"execution_time": 0.47148942947387695, "passed": true}, "20": {"execution_time": 0.49881982803344727, "passed": true}, "21": {"execution_time": 0.33724260330200195, "passed": true}, "22": {"execution_time": 0.44312310218811035, "passed": true}, "23": {"execution_time": 0.6155622005462646, "passed": true}}}, "check_style_score": "0/1"}