{"version": "1", "message": "ERROR: Hidden Testcases server unreachable.", "problem_id": "ads1_m2_a1", "user_id": "shubhamsahu02", "score": {"sample": {"0": {"execution_time": 0.5010972023010254, "passed": false}, "1": {"execution_time": 0.5610449314117432, "passed": false}, "2": {"execution_time": 0.42727136611938477, "passed": false}, "3": {"execution_time": 0.4577958583831787, "passed": false}, "4": {"execution_time": 0.41075754165649414, "passed": false}, "5": {"execution_time": 0.38881969451904297, "passed": false}, "6": {"execution_time": 0.47149157524108887, "passed": false}, "7": {"execution_time": 0.299206018447876, "passed": false}, "8": {"execution_time": 0.562819242477417, "passed": false}, "9": {"execution_time": 0.47592639923095703, "passed": false}, "10": {"execution_time": 0.39728832244873047, "passed": false}, "11": {"execution_time": 0.4100203514099121, "passed": false}, "12": {"execution_time": 0.4599723815917969, "passed": false}, "13": {"execution_time": 0.32163190841674805, "passed": false}, "14": {"execution_time": 0.4530518054962158, "passed": false}, "15": {"execution_time": 0.4128446578979492, "passed": false}, "16": {"execution_time": 0.4678077697753906, "passed": false}, "17": {"execution_time": 0.41552090644836426, "passed": false}, "18": {"execution_time": 0.48579978942871094, "passed": false}, "19": {"execution_time": 0.4230530261993408, "passed": false}, "20": {"execution_time": 0.6219990253448486, "passed": false}, "21": {"execution_time": 0.41914892196655273, "passed": false}, "22": {"execution_time": 0.5987710952758789, "passed": false}, "23": {"execution_time": 0.6587119102478027, "passed": false}}}, "check_style_score": "0/1"}